last_name,first_name,company,email,home_phone,work_phone
Haney,Steven,Lorem Donec Corporation,facilisis.eget.ipsum@faucibuslectus.edu,(866) 176-3545,(224) 474-1083
Murray,Hanae,Nunc Company,id.mollis@libero.net,(150) 291-8838,(450) 778-9182
Mcknight,Jack,Eu Placerat Incorporated,Mauris.non@arcu.org,(870) 702-2577,(785) 933-5594
Obrien,Illiana,Fringilla Porttitor Incorporated,nunc@tincidunt.com,(592) 218-5513,(145) 569-1423
Hamilton,Kadeem,Magna Suspendisse Tristique PC,ligula.eu.enim@vehicularisus.org,(984) 957-8080,(219) 426-7759
Farmer,Beck,Pellentesque Corporation,condimentum.Donec@urna.co.uk,(727) 762-5784,(323) 505-1212
Stokes,Quyn,Ultricies Adipiscing Incorporated,porttitor.eros.nec@laciniavitaesodales.org,(630) 195-8764,(530) 546-9694
Perkins,Keegan,Ipsum Donec Institute,lobortis.augue.scelerisque@pedenec.com,(517) 698-0415,(627) 324-4417
Cotton,Alexis,Ut Sagittis Lobortis Industries,ridiculus.mus.Proin@ac.co.uk,(740) 174-3768,(452) 738-6334
Neal,Richard,Tristique Limited,metus.Aliquam.erat@habitant.org,(492) 477-4767,(198) 293-4727
Hardy,Ryder,Lobortis Mauris Company,at@nullaanteiaculis.com,(590) 809-3313,(597) 509-7434
Fischer,Moana,Diam Dictum Sapien Associates,a.felis.ullamcorper@vehiculaaliquet.edu,(679) 609-2914,(876) 355-3301
Walker,Duncan,Metus Inc.,eget.tincidunt.dui@lectus.com,(225) 750-7803,(771) 358-3022
Castillo,Rajah,Senectus Et Ltd,ut.sem.Nulla@bibendumfermentum.com,(423) 284-7480,(154) 597-8566
Jacobs,Hamilton,Nunc Ullamcorper Eu Company,dictum.eleifend.nunc@Nullamlobortisquam.ca,(947) 116-6568,(923) 557-6424
Oneil,Aidan,Ipsum Sodales Purus Limited,et.risus@odioAliquam.ca,(151) 352-5968,(464) 635-7104
Barr,Emerson,Eget Incorporated,sit.amet.ultricies@necleoMorbi.net,(841) 421-8634,(959) 829-4357
Richardson,Illana,Lobortis Nisi Nibh Industries,diam@leoCras.net,(954) 686-5998,(275) 209-2607
Rowland,Skyler,Fusce Mi Institute,Aliquam.tincidunt.nunc@Duis.ca,(700) 302-3582,(440) 505-4807
Strickland,Natalie,Massa LLC,tempus.scelerisque.lorem@atiaculis.org,(259) 355-1824,(984) 893-4180
Levy,Katell,Libero Corp.,diam.nunc.ullamcorper@adipiscinglobortis.co.uk,(895) 608-2813,(118) 123-3650
Wyatt,April,Lorem Limited,orci@consectetueradipiscingelit.co.uk,(782) 754-9185,(732) 151-7590
Cervantes,Silas,In Lobortis Tellus Foundation,erat@Nullatinciduntneque.com,(221) 183-0885,(334) 912-4258
Harrison,Uma,Lectus Cum Institute,nascetur.ridiculus@ultricesposuere.com,(529) 884-3291,(465) 419-7666
Vincent,MacKenzie,Dignissim Maecenas Corporation,sit.amet@diameudolor.ca,(199) 798-5276,(827) 330-8159
Burgess,Illiana,Cras Eget PC,dui@ullamcorpermagnaSed.ca,(601) 965-2800,(227) 614-2926
Fitzgerald,Idola,Amet Ltd,tempor@enimSednulla.ca,(585) 420-3694,(372) 745-5580
Beach,Ingrid,Iaculis Quis Pede Inc.,mattis@Nuncsollicitudincommodo.com,(710) 652-8188,(876) 511-0119
Kane,Ray,Odio Tristique Pharetra Limited,Nunc.ac@loremfringillaornare.org,(552) 370-6055,(300) 487-9118
Delacruz,Natalie,Egestas Urna Corp.,Lorem@mauris.ca,(363) 811-0423,(578) 778-8168
Olsen,Brian,Felis Eget Varius Corporation,placerat@Nam.edu,(804) 600-2915,(357) 718-1275
Leblanc,Alexa,Velit LLP,litora.torquent.per@sedsem.com,(772) 694-8328,(371) 964-9214
Spencer,Carl,Lobortis Ultrices Vivamus Inc.,molestie@velmaurisInteger.ca,(982) 141-7077,(487) 103-0338
Gaines,Cedric,Tincidunt Tempus Risus PC,Nullam@ultriciessemmagna.ca,(176) 128-4633,(381) 638-6735
Wolf,Allegra,Semper PC,tellus@mattisornare.org,(435) 799-5269,(976) 739-8343
Figueroa,Brian,Nisl Foundation,et.magnis.dis@Fusce.net,(387) 775-0779,(204) 314-9583
Armstrong,Kimberley,Mi Enim Condimentum Corporation,montes.nascetur.ridiculus@nullaIntincidunt.net,(886) 600-3993,(215) 304-1459
Long,Clementine,Augue Consulting,arcu@egetlacus.com,(843) 174-6826,(836) 701-1413
Wiley,Brenna,In PC,Cras.eu@diamat.org,(139) 946-2025,(151) 635-7630
Morales,Phyllis,Ut Nisi A PC,pede.Cum.sociis@erosProinultrices.co.uk,(396) 861-9787,(141) 260-3514
Merrill,Ava,Orci Inc.,mauris.a@odioAliquamvulputate.org,(879) 346-3974,(780) 467-8083
Ward,Mona,Tincidunt Orci Inc.,Phasellus@loremauctorquis.co.uk,(989) 162-6032,(162) 422-0849
Hamilton,Alana,Phasellus Elit Pede Corporation,ipsum.dolor.sit@elementum.org,(453) 734-3209,(138) 802-8037
Todd,Wynne,Odio Tristique Pharetra Limited,felis.Donec@Crassed.org,(749) 220-7309,(582) 582-4098
Maynard,Ethan,Urna Convallis Erat PC,dui.Fusce@milorem.com,(774) 302-5821,(426) 194-8080
Kane,Lavinia,Nulla Institute,Praesent.eu@etmagnis.org,(804) 348-7307,(612) 918-8053
Irwin,Jaquelyn,In At Incorporated,libero.est.congue@orcilobortis.org,(818) 785-9420,(444) 784-0929
Bird,Mallory,Sem Eget Incorporated,cursus@luctuset.co.uk,(280) 708-0658,(928) 786-8426
Hatfield,Imelda,Aliquam Incorporated,egestas.Aliquam.nec@in.com,(662) 728-3457,(863) 823-9636
Barrera,Larissa,At Pede Cras Associates,Donec.luctus.aliquet@acmi.ca,(421) 127-7793,(477) 607-5423
Strickland,Velma,Libero Nec Foundation,ligula.Aenean@aliquam.edu,(110) 886-8638,(328) 174-1202
Mcclure,Roth,Facilisis Corporation,sed.orci.lobortis@pretiumaliquet.edu,(462) 462-0256,(412) 477-5945
Whitley,Jane,Aenean Massa PC,dictum.Phasellus@libero.edu,(840) 820-0088,(338) 997-7091
Farmer,Madeson,Hendrerit LLP,nec.eleifend.non@anteblanditviverra.org,(756) 374-1631,(288) 902-6251
Robertson,Faith,Ipsum Leo Company,ut.erat@lectuspedeet.co.uk,(350) 818-4313,(120) 609-8899
Guerra,Bert,Dui Semper Et Ltd,ac.metus.vitae@nisl.edu,(775) 978-3927,(997) 257-8099
Wallace,Eve,Cum Incorporated,lorem.fringilla@Nulla.ca,(519) 289-1418,(825) 156-3031
Walker,Herman,Nam LLP,nisl.Maecenas@eu.ca,(435) 677-3652,(746) 195-3666
David,Erich,Ante Vivamus Non Limited,mauris.erat@elit.net,(152) 876-2409,(532) 157-1791
Joyce,Katell,Et Consulting,volutpat.ornare.facilisis@consequat.co.uk,(708) 716-9358,(142) 635-5634
Dunlap,Haviva,Sed Diam Ltd,elementum.sem@molestie.org,(841) 958-7007,(152) 954-0733
Haley,Duncan,Mauris Rhoncus Id LLC,nibh@Suspendisse.edu,(377) 825-6443,(444) 193-0987
Sanford,Cedric,Aliquet Nec Corporation,Vivamus.molestie@vitaediamProin.co.uk,(723) 791-0957,(765) 368-1496
Page,McKenzie,Donec Foundation,Donec@luctusaliquetodio.org,(250) 710-5639,(522) 163-8869
Walter,Lev,Tincidunt Neque Institute,molestie.in.tempus@posuerecubilia.com,(999) 417-1101,(849) 348-9523
Whitaker,Kelly,Mus Proin Industries,metus.Aliquam@ornareplacerat.com,(534) 604-3730,(527) 482-2376
Porter,Rhonda,Phasellus Company,montes.nascetur.ridiculus@ac.org,(695) 489-1382,(779) 929-0270
Kemp,Myles,Integer Eu Lacus Inc.,sit.amet@fermentummetus.ca,(346) 292-6744,(524) 969-5925
Battle,Marshall,In Aliquet Ltd,non.lobortis@lacusQuisquepurus.net,(882) 750-7693,(570) 399-0405
Campbell,Zorita,Nam Consequat Dolor Institute,egestas.rhoncus.Proin@ornaretortor.com,(479) 963-7157,(185) 183-5781
Watson,Miriam,Dui Consulting,pharetra@necdiam.co.uk,(462) 231-0841,(263) 233-3984
Allison,Kiayada,Auctor Ltd,quam@tellusnon.net,(329) 504-2426,(990) 535-9802
Dunlap,Derek,In Consectetuer Corp.,molestie.tortor@nibh.net,(783) 500-2824,(556) 373-8209
Foreman,Myles,Tincidunt Neque Vitae LLC,congue.elit.sed@pedeCras.com,(104) 247-5513,(819) 942-3064
Battle,Preston,Primis Ltd,vel.quam.dignissim@utsem.edu,(199) 154-9965,(543) 533-3235
Hill,Nehru,Mattis Semper Dui Consulting,elit@mattissemperdui.org,(898) 164-9710,(402) 664-4834
Bowman,Ali,Nunc Sit Industries,sed.pede@turpis.org,(121) 597-6096,(695) 369-2022
Dickerson,Olivia,Imperdiet Dictum PC,Pellentesque@ullamcorperDuiscursus.org,(252) 719-2511,(774) 258-2044
Becker,Britanni,Risus Morbi Institute,lorem.eu@seddictumeleifend.co.uk,(462) 686-7738,(475) 286-0871
Leach,Gabriel,Varius Inc.,libero.Proin@liberoProin.ca,(379) 739-5593,(846) 266-3822
Morrow,Upton,Maecenas Iaculis Incorporated,aliquam.eros@Morbinonsapien.co.uk,(204) 682-6746,(786) 982-0558
Carrillo,Jacob,Massa Quisque Porttitor Company,nibh@neceuismodin.ca,(879) 409-3093,(199) 269-4726
Kaufman,Craig,Porttitor Vulputate Corp.,tellus@nunc.edu,(540) 615-9640,(172) 692-8808
Drake,Perry,Montes Nascetur Ridiculus Institute,semper.egestas@eu.edu,(656) 104-6570,(631) 524-5056
Stevens,Ava,Felis Donec Inc.,neque.vitae@aptent.co.uk,(824) 401-9607,(990) 601-1776
Meyer,Jermaine,Vulputate Mauris Sagittis Ltd,feugiat@variusNamporttitor.edu,(859) 744-6724,(483) 495-5426
Cole,Rhoda,Rhoncus PC,imperdiet@necmollisvitae.net,(255) 783-1609,(794) 780-1693
Dalton,Emily,Ligula Elit LLP,enim@ac.net,(274) 313-8744,(871) 993-4157
Daugherty,Olivia,Dictum Sapien LLC,eget.venenatis@egestasa.co.uk,(748) 563-1088,(419) 520-5628
Hernandez,Francis,Ut Odio LLC,molestie.arcu@ut.net,(415) 201-9629,(312) 452-6949
Cooper,Curran,Aliquam Adipiscing Corporation,tristique@tincidunt.net,(522) 507-4192,(914) 723-3120
Riley,Hope,Egestas Hendrerit Neque PC,Mauris.quis.turpis@Inatpede.org,(929) 145-7690,(726) 336-5594
Dickson,Mia,Vulputate Posuere Vulputate Associates,dictum.cursus.Nunc@egestas.net,(513) 592-4502,(256) 480-8250
Workman,Fritz,Erat Foundation,Mauris.quis.turpis@eleifendegestasSed.net,(391) 402-4795,(425) 407-2745
Thompson,Lance,Pharetra Ut Industries,dui.quis.accumsan@luctuset.edu,(714) 721-9052,(719) 362-3074
Lester,Samson,Diam Nunc Ullamcorper Corporation,dui.lectus.rutrum@ipsumSuspendisse.co.uk,(209) 821-5052,(405) 158-4873
Stewart,Tashya,Nunc Corp.,libero.Donec.consectetuer@Donec.org,(460) 727-0866,(874) 500-4664
Bridges,Herrod,Tincidunt Tempus PC,et.risus@mattisInteger.co.uk,(818) 829-2459,(220) 737-3040
Carney,Scarlet,Gravida Non Company,consectetuer.adipiscing@ligulaNullam.net,(616) 610-3074,(206) 922-2560
Graves,August,Non Industries,luctus@mienimcondimentum.ca,(441) 103-6961,(106) 669-1511